{"count":1,"self":516.97735679999994,"total":1459.3865527,"children":{"AgentSendState":{"count":141784,"self":10.411537599999999,"total":402.73998459999996,"children":{"CollectObservations":{"count":113440,"self":1.7406949999999999,"total":1.7406949999999999,"children":null},"CollectDiscreteActionMasks":{"count":113440,"self":0.89035279999999994,"total":0.89035279999999994,"children":null},"AgentInfo.ToProto":{"count":113440,"self":3.386646,"total":389.6973996,"children":{"GenerateSensorData":{"count":113440,"self":7.9160759999999994,"total":386.3107536,"children":{"CameraSensor.GetCompressedObservation":{"count":113440,"self":378.3946752,"total":378.3946774,"children":null}}}}}}},"DecideAction":{"count":141784,"self":531.9043584,"total":531.9043758,"children":null},"AgentAct":{"count":141784,"self":2.1754728,"total":5.5449369,"children":{"AgentInfo.ToProto":{"count":570,"self":0.021921299999999998,"total":3.369464,"children":{"GenerateSensorData":{"count":570,"self":0.0408754,"total":3.3475427,"children":{"CameraSensor.GetCompressedObservation":{"count":570,"self":3.3066671999999997,"total":3.3066673,"children":null}}}}}}},"AgentInfo.ToProto":{"count":300,"self":0.0229368,"total":2.2179084,"children":{"GenerateSensorData":{"count":300,"self":0.0249356,"total":2.1949715999999997,"children":{"CameraSensor.GetCompressedObservation":{"count":300,"self":2.170036,"total":2.170036,"children":null}}}}}},"gauges":{"AutoLanding.CumulativeReward":{"count":870,"max":27.3999977,"min":-19.0999966,"runningAverage":-3.44505715,"value":-2.000004,"weightedAverage":-1.48086369}},"metadata":{"timer_format_version":"0.1.0","start_time_seconds":"1594803330","unity_version":"2019.4.3f1","command_line_arguments":"C:\\Program Files\\Unity\\Hub\\Editor\\2019.4.3f1\\Editor\\Unity.exe -projectpath C:\/Users\/mixal\/Desktop\/ML -useHub -hubIPC -cloudEnvironment production -hubSessionId 134b24f0-c670-11ea-8a3b-21faf4efaa77 -accessToken Jx0dgypAO3UouO2ZECwu-3gEJq9fZN-SNLbLpmJgSNE011f","communication_protocol_version":"1.0.0","com.unity.ml-agents_version":"1.0.2","scene_name":"MLScene2","end_time_seconds":"1594804789"}}