{"count":1,"self":67.3635008,"total":280.3287254,"children":{"AgentSendState":{"count":23967,"self":1.6001533,"total":12.6669705,"children":{"CollectObservations":{"count":23967,"self":8.8205543999999989,"total":8.8205546999999989,"children":null},"CollectDiscreteActionMasks":{"count":23967,"self":0.14959329999999998,"total":0.14959329999999998,"children":null},"AgentInfo.ToProto":{"count":23967,"self":0.4617653,"total":2.0966692,"children":{"GenerateSensorData":{"count":23967,"self":0.76863209999999993,"total":1.6349038999999999,"children":{"RayPerceptionSensor.Perceive":{"count":23967,"self":0.86627179999999993,"total":0.86627179999999993,"children":null}}}}}}},"DecideAction":{"count":23967,"self":200.003008,"total":200.0030083,"children":null},"AgentAct":{"count":23967,"self":0.2184388,"total":0.2184388,"children":null},"AgentInfo.ToProto":{"count":778,"self":0.016958499999999998,"total":0.0748147,"children":{"GenerateSensorData":{"count":778,"self":0.0389068,"total":0.057856199999999997,"children":{"RayPerceptionSensor.Perceive":{"count":778,"self":0.018949399999999998,"total":0.018949399999999998,"children":null}}}}}},"gauges":{"AutoLanding.CumulativeReward":{"count":778,"max":108,"min":-7.899995,"runningAverage":4.19999933,"value":-1.70000017,"weightedAverage":-2.09349632}},"metadata":{"timer_format_version":"0.1.0","start_time_seconds":"1592815695","unity_version":"2019.4.0f1","command_line_arguments":"C:\\Program Files\\Unity\\Hub\\Editor\\2019.4.0f1\\Editor\\Unity.exe -projectpath C:\/Users\/mixal\/Desktop\/ML -useHub -hubIPC -cloudEnvironment production -hubSessionId c25ae540-b458-11ea-85cf-f7b5be231638 -accessToken hj9-B_LEozbj5lRTB4lldpq854hbruaKD4hIepQmzSc011f","communication_protocol_version":"1.0.0","com.unity.ml-agents_version":"1.0.2","scene_name":"SampleScene","end_time_seconds":"1592815975"}}